<?xml version="1.0" encoding="UTF-8"?>
<!DOCTYPE targetDefinitions [
<!ELEMENT targetDefinitions (board)>
<!ELEMENT board (name,dbgIF+,dbgDEV,mcuId)>
<!ELEMENT name (#PCDATA)>
<!ELEMENT dbgIF (#PCDATA)>
<!ELEMENT dbgDEV (#PCDATA)>
<!ELEMENT mcuId (#PCDATA)>
<!ATTLIST board id CDATA #REQUIRED>
]>
<targetDefinitions>
  <board id="AR_SDAB_V1O1_TARGET_L443_CPP">
    <name>AR_SDAB_V1O1_TARGET_L443_CPP</name>
    <dbgIF>SWD</dbgIF>
    <dbgDEV>ST-Link</dbgDEV>
    <mcuId>stm32l443cctx</mcuId>
  </board>
</targetDefinitions>
